ZIP,TOTAL POP,DIABETES,HEART DISEASE,POVERTY,FOOD INSECURITY,OBESE (BMI >=30),WHITE,ASIAN,BLACK,OTHER RACE,
90001,42900,11.60%,4.00%,26.60%,19.10%,42.00%,35.70%,0.20%,10.00%,54.00%,
90002,39700,11.70%,4.10%,28.50%,21.90%,41.80%,35.90%,0.70%,24.70%,38.70%,
90003,43200,11.50%,4.00%,30.00%,21.90%,41.40%,27.00%,0.30%,24.40%,48.30%,
90004,47600,10.00%,5.30%,18.10%,9.70%,28.70%,40.80%,27.40%,4.40%,27.40%,
90005,30400,9.00%,4.80%,24.50%,14.20%,23.70%,19.80%,37.10%,5.50%,37.60%,
90006,38100,12.00%,5.00%,3.83%,18.00%,31.70%,21.90%,22.00%,0.50%,52.40%,
90007,33300,7.70%,3.40%,40.30%,13.80%,25.70%,32.00%,23.20%,10.40%,34.40%,
90008,25300,11.10%,5.40%,19.80%,9.90%,34.60%,14.80%,38.00%,70.10%,11.30%,
90010,7800,7.90%,5.40%,16.30%,6.20%,29.40%,19.00%,68.90%,5.90%,6.30%,
90011,73500,11.40%,3.80%,32.50%,23.90%,44.20%,36.10%,0.70%,9.80%,53.40%,
90012,25600,8.30%,4.80%,20.90%,5.70%,24.40%,30.20%,40.40%,13.80%,15.60%,
90013,17200,9.00%,n/a,45.70%,2.20%,19.20%,37.00%,16.70%,30.60%,15.70%,
90014,2900,n/a,n/a,39.50%,1.70%,19.60%,51.00%,14.80%,18.40%,15.80%,
90015,17200,10.10%,4.30%,34.00%,14.80%,28.90%,35.30%,18.10%,7.50%,39.00%,
90016,37700,1160.00%,4.90%,19.10%,12.70%,35.30%,34.60%,3.90%,37.20%,24.30%,
90017,23100,7.50%,4.40%,40.40%,20.20%,20.40%,34.70%,18.20%,6.20%,40.90%,
90018,38100,12.40%,4.90%,22.30%,15.60%,36.80%,19.50%,4.90%,35.10%,40.50%,
90019,48000,11.10%,5.70%,17.80%,9.60%,30.80%,35.20%,17.80%,20.90%,16.10%,
90020,26500,8.50%,5.00%,16.40%,8.20%,24.10%,28.10%,49.20%,5.60%,17.10%,
90021,3100,8.60%,4.70%,50.50%,8.80%,33.40%,35.80%,3.40%,27.00%,33.80%,
90022,46200,12.00%,4.30%,20.10%,10.80%,39.10%,60.00%,0.33%,0.30%,38.40%,
90023,33400,12.40%,4.50%,22.90%,14.50%,40.00%,62.60%,1.00%,1.10%,35.30%,
90024,32500,5.20%,5.00%,26.80%,0.20%,23.90%,59.80%,29.10%,1.90%,9.20%,
90025,36000,6.00%,4.90%,13.00%,0.60%,13.80%,64.00%,21.10%,3.20%,11.70%,
90026,56700,8.50%,4.90%,19.60%,8.90%,27.90%,56.20%,18.90%,3.70%,21.30%,
90027,36100,6.60%,6.00%,16.30%,3.00%,21.20%,67.70%,13.80%,3.10%,15.40%,
90028,28600,6.90%,4.90%,25.60%,5.00%,25.10%,58.70%,83.00%,8.60%,24.50%,
90029,30700,9.90%,5.60%,34.20%,11.20%,30.90%,41.50%,18.40%,2.50%,37.60%,
90031,29600,12.60%,5.40%,23.80%,12.40%,32.00%,37.60%,26.00%,0.90%,35.50%,
90032,33700,12.40%,5.00%,19.70%,12.50%,32.80%,45.20%,11.20%,1.70%,41.90%,
90033,34000,12.90%,4.80%,30.40%,17.00%,39.30%,66.00%,6.20%,1.30%,26.50%,
90034,49600,6.30%,3.50%,14.30%,1.80%,18.10%,60.60%,18.90%,9.90%,10.60%,
90035,22800,6.30%,6.40%,12.10%,1.90%,17.90%,73.30%,8.40%,8.10%,10.10%,
90036,31100,6.40%,5.10%,14.50%,1.50%,15.20%,68.00%,17.60%,5.10%,9.30%,
90037,46900,11.90%,4.10%,35.30%,22.60%,41.30%,26.50%,1.30%,21.80%,50.40%,
90038,22800,8.40%,5.00%,26.50%,10.10%,29.00%,44.10%,5.80%,6.70%,43.30%,
90039,23100,9.50%,6.10%,9.20%,5.60%,24.70%,58.20%,20.30%,2.40%,19.10%,
90040,10500,12.80%,4.50%,16.10%,8.50%,40.20%,75.50%,1.20%,1.00%,22.30%,
90041,21500,9.30%,6.10%,10.10%,5.10%,24.70%,53.00%,29.20%,1.60%,16.20%,
90042,47000,11.60%,5.20%,18.10%,10.80%,31.70%,47.50%,14.50%,3.10%,34.90%,
90043,35300,12.50%,5.60%,18.40%,10.00%,36.60%,17.60%,1.40%,63.80%,17.20%,
90044,71200,11.60%,4.60%,30.50%,18.90%,39.40%,22.50%,0.60%,39.60%,37.30%,
90045,31500,5.90%,5.40%,10.50%,1.10%,14.90%,60.60%,14.70%,13.00%,11.80%,
90046,43300,6.60%,5.80%,14.90%,1.20%,16.80%,79.60%,5.90%,4.50%,10.00%,
90047,38800,12.60%,5.60%,18.20%,11.70%,37.40%,16.40%,0.70%,66.80%,16.10%,
90048,20400,5.60%,6.30%,9.50%,1.00%,18.40%,80.10%,10.10%,2.70%,7.10%,
90049,30200,4.70%,6.30%,7.10%,0.20%,10.70%,85.70%,9.30%,1.10%,4.00%,
90056,6800,10.80%,6.10%,5.50%,2.00%,29.30%,18.20%,3.40%,73.50%,4.90%,
90057,32300,9.40%,4.80%,30.00%,19.50%,25.70%,27.20%,22.60%,5.10%,45.10%,
90058,2200,11.40%,4.30%,59.80%,13.80%,42.10%,45.80%,5.30%,12.00%,36.90%,
90059,27300,11.30%,4.30%,29.80%,20.10%,41.30%,36.90%,0.80%,33.10%,29.30%,
90061,19800,11.70%,4.40%,27.10%,18.70%,38.60%,31.40%,0.30%,38.40%,29.90%,
90062,25400,12.30%,4.70%,22.50%,19.10%,38.40%,17.50%,1.30%,35.90%,45.20%,
90063,39400,11.70%,4.30%,21.70%,11.10%,38.20%,42.00%,1.80%,0.70%,55.50%,
90064,23600,6.40%,6.50%,8.80%,0.50%,13.50%,71.70%,18.70%,1.33%,5.30%,
90065,36300,11.80%,5.90%,16.80%,10.10%,31.80%,53.20%,17.50%,2.30%,27.00%,
90066,45500,6.90%,5.70%,10.70%,1.10%,18.60%,62.40%,15.60%,3.90%,18.10%,
90067,2400,6.80%,11.80%,7.00%,0.10%,9.80%,79.90%,17.20%,0.30%,2.60%,
90068,21400,5.20%,5.80%,12.50%,1.00%,16.70%,80.00%,7.40%,3.20%,9.30%,
90069,19200,6.40%,5.90%,10.30%,n/a,16.30%,78.00%,6.20%,5.00%,1.11%,
90071,2500,15.70%,7.40%,0.00%,n/a,10.20%,0.00%,0.00%,0.00%,0.00%,
90073,700,n/a,n/a,48.00%,n/a,n/a,49.90%,6.20%,36.30%,7.50%,
90077,8300,5.50%,7.60%,3.70%,0.10%,12.00%,84.30%,10.30%,2.60%,2.80%,
90079,1300,8.50%,2.90%,0.00%,n/a,18.50%,0.00%,0.00%,0.00%,0.00%,
90089,3200,n/a,n/a,0.40%,n/a,n/a,48.60%,34.00%,5.40%,12.00%,
90094,8100,4.80%,4.10%,12.60%,0.50%,16.00%,52.50%,26.30%,14.60%,6.60%,
90095,8200,n/a,n/a,0.00%,n/a,n/a,0.00%,0.00%,0.00%,0.00%,UCLA
90201,71600,11.80%,4.20%,23.60%,10.60%,41.90%,70.70%,1.10%,1.10%,27.10%,
90210,18100,6.10%,8.40%,10.30%,1.00%,16.30%,85.80%,8.80%,1.50%,3.90%,
90211,6600,6.70%,6.90%,11.30%,1.70%,8.50%,82.20%,11.60%,1.40%,4.90%,
90212,10300,5.70%,6.60%,9.00%,0.70%,13.50%,84.40%,6.80%,1.20%,7.60%,
90220,36400,11.80%,4.60%,17.80%,16.30%,39.10%,31.20%,1.60%,41.20%,25.90%,
90221,39300,12.00%,4.10%,23.60%,20.80%,40.90%,42.40%,0.80%,23.30%,33.40%,
90222,24300,12.20%,4.40%,24.50%,20.40%,41.50%,37.90%,0.70%,29.60%,31.80%,
90230,24700,8.30%,5.80%,10.20%,1.50%,20.20%,63.70%,17.10%,8.60%,10.60%,
90232,14700,7.60%,6.00%,9.10%,1.40%,18.20%,68.50%,16.80%,7.20%,7.50%,
90240,19000,1210.00%,530.00%,540.00%,510.00%,3820.00%,7050.00%,1070.00%,250.00%,1620.00%,
90241,32600,1170.00%,500.00%,970.00%,640.00%,3620.00%,6750.00%,770.00%,320.00%,2160.00%,
90242,34100,1140.00%,470.00%,1220.00%,790.00%,3930.00%,6120.00%,660.00%,540.00%,2680.00%,
90245,14400,11.40%,4.70%,12.20%,7.90%,39.30%,61.20%,7.40%,5.40%,26.80%,
90247,34800,12.10%,5.80%,16.40%,12.70%,33.00%,34.40%,28.50%,19.10%,27.90%,
90248,8000,13.30%,6.50%,10.80%,10.10%,30.20%,30.50%,35.70%,15.70%,18.00%,
90249,20200,125.00%,6.10%,0.90%,10.20%,34.50%,26.10%,17.00%,30.50%,26.40%,
90250,7600,10.90%,5.20%,15.70%,13.40%,36.20%,38.50%,7.60%,22.00%,31.80%,
90254,17500,4.20%,5.80%,4.40%,1.30%,17.50%,88.60%,5.50%,1.50%,4.40%,
90255,53800,12.20%,4.20%,22.20%,10.40%,41.30%,66.30%,0.90%,0.70%,32.10%,
90260,28500,11.50%,5.30%,13.50%,13.80%,34.90%,50.00%,13.60%,8.10%,28.20%,
90262,50400,12.70%,4.00%,18.20%,22.30%,42.50%,55.20%,1.00%,10.40%,33.40%,
90263,3300,3.40%,2.60%,0.00%,n/a,5.60%,54.20%,29.90%,3.80%,12.10%,
90265,19300,4.30%,5.50%,9.00%,0.30%,10.70%,87.80%,5.40%,2.00%,4.90%,
90266,29000,4.50%,6.90%,3.90%,0.70%,15.20%,82.50%,10.60%,1.00%,6.00%,
90270,19100,11.80%,4.10%,21.20%,11.00%,41.60%,81.60%,0.10%,0.50%,17.80%,
90272,201000,4.50%,7.30%,4.10%,n/a,9.30%,88.80%,6.10%,1.10%,3.90%,
90274,19700,5.70%,9.20%,4.70%,0.60%,14.80%,70.00%,23.90%,1.60%,4.50%,
90275,36200,8.00%,8.00%,4.40%,1.70%,20.10%,64.30%,26.80%,2.10%,6.80%,
90277,31800,6.10%,6.80%,5.90%,1.90%,19.40%,81.40%,9.20%,2.00%,7.40%,
90278,32800,7.00%,6.40%,5.70%,2.90%,24.30%,71.30%,15.30%,3.30%,10.10%,
90280,69400,12.20%,4.20%,17.20%,13.30%,39.40%,58.50%,0.60%,1.10%,39.80%,
90290,5300,4.60%,6.30%,4.60%,0.50%,14.70%,91.90%,3.70%,1.60%,2.90%,
90291,25400,5.30%,5.10%,10.60%,0.60%,13.60%,82.90%,4.40%,4.80%,7.90%,
90292,20800,6.50%,6.40%,13.10%,0.40%,14.50%,79.80%,8.30%,5.50%,6.40%,
90293,12400,5.70%,5.80%,6.90%,0.30%,14.30%,70.10%,12.50%,5.40%,12.00%,
90301,29200,12.10%,5.20%,17.50%,15.80%,36.80%,29.70%,1.60%,32.90%,35.80%,
90302,23200,11.70%,5.30%,17.50%,12.50%,35.90%,30.70%,1.40%,48.90%,19.10%,
90303,20600,11.70%,5.00%,21.80%,15.60%,38.10%,25.00%,1.10%,39.50%,34.40%,
90304,19500,11.80%,4.50%,26.10%,22.40%,40.40%,41.60%,2.50%,4.60%,51.30%,
90305,10600,12.10%,6.50%,9.30%,7.10%,36.00%,12.80%,1.40%,77.10%,8.70%,
90401,7000,6.80%,4.90%,12.70%,n/a,10.50%,77.10%,10.10%,7.50%,5.40%,
90402,10900,4.80%,7.60%,7.20%,0.10%,9.80%,89.30%,7.10%,1.00%,2.60%,
90403,21400,5.20%,6.00%,9.70%,0.20%,12.10%,83.40%,8.70%,2.10%,5.80%,
90404,19700,6.70%,5.30%,15.00%,0.90%,17.20%,69.60%,13.60%,6.40%,10.10%,
90405,23900,5.80%,6.20%,11.80%,0.40%,14.40%,79.40%,10.00%,3.40%,7.10%,
90501,33700,10.60%,5.90%,11.70%,9.90%,29.00%,43.60%,26.20%,5.20%,25.00%,
90502,15900,12.50%,6.60%,10.60%,9.80%,30.50%,35.20%,37.20%,9.10%,18.50%,
90503,37800,8.50%,6.80%,8.00%,4.30%,23.10%,50.70%,38.00%,2.60%,8.70%,
90504,27200,10.50%,6.50%,8.30%,6.40%,25.80%,41.70%,39.00%,3.30%,16.00%,
90505,29600,8.60%,7.20%,5.40%,3.30%,22.30%,57.20%,33.60%,2.10%,7.10%,
90601,27100,11.20%,5.10%,10.70%,6.40%,32.80%,54.70%,7.20%,1.50%,36.60%,
90602,18200,10.70%,5.00%,13.70%,6.30%,34.00%,52.60%,4.30%,2.30%,40.80%,
90603,15600,9.50%,5.70%,6.60%,2.50%,31.30%,69.70%,5.50%,1.20%,23.60%,
90604,30600,11.10%,5.10%,10.40%,5.40%,37.90%,62.70%,5.80%,0.90%,30.60%,
90605,29700,11.90%,4.80%,12.00%,5.60%,38.60%,58.50%,4.20%,1.20%,36.10%,
90606,26400,12.80%,4.80%,9.40%,6.80%,40.40%,49.50%,2.60%,80.00%,47.10%,
90620,40500,11.50%,5.80%,8.00%,7.70%,26.80%,59.80%,30.10%,2.10%,8.10%,
90621,25300,10.70%,5.10%,18.00%,11.60%,26.00%,49.30%,32.00%,3.90%,14.80%,
90623,12100,11.70%,6.40%,6.20%,4.90%,22.40%,40.80%,47.80%,5.70%,5.80%,
90630,36100,9.70%,6.00%,6.20%,4.30%,22.70%,58.70%,30.20%,4.20%,6.90%,
90631,53500,10.70%,5.60%,10.60%,8.90%,28.60%,64.40%,13.80%,1.20%,20.60%,
90638,38500,990.00%,5.70%,7.00%,3.00%,28.10%,58.60%,6.67%,2.00%,19.10%,
90640,47500,12.40%,5.10%,12.70%,7.80%,33.80%,63.00%,14.60%,1.30%,21.10%,
90650,77800,11.80%,4.90%,12.50%,6.20%,37.70%,53.10%,15.30%,4.80%,26.80%,
90660,48300,13.50%,4.80%,10.80%,7.10%,41.00%,55.40%,3.20%,1.00%,40.40%,
90670,12700,12.70%,5.10%,9.90%,5.50%,38.90%,59.30%,8.40%,3.50%,28.90%,
90680,19900,11.60%,5.60%,16.70%,10.80%,27.40%,54.60%,28.10%,2.50%,14.80%,
90701,12800,11.20%,6.00%,13.10%,4.40%,9.00%,38.20%,41.30%,1.80%,18.70%,
90703,38600,10.90%,6.30%,5.30%,1.80%,22.30%,25.20%,60.00%,7.90%,6.90%,
90704,3700,7.30%,5.10%,10.50%,10.70%,33.40%,79.60%,0.40%,0.30%,19.70%,
90706,57700,10.60%,5.10%,14.70%,5.70%,35.70%,36.80%,15.00%,13.60%,34.50%,
90710,21800,11.70%,6.30%,13.40%,9.80%,31.20%,41.40%,21.40%,12.10%,25.10%,
90712,23900,9.50%,5.90%,5.90%,2.30%,29.50%,55.40%,15.80%,8.90%,19.90%,
90713,2200,7.90%,6.00%,4.60%,1.60%,28.40%,70.40%,12.30%,3.60%,13.80%,
90715,16500,10.50%,5.10%,11.70%,4.90%,31.20%,36.00%,31.20%,8.30%,24.50%,
90716,9000,11.70%,4.60%,26.00%,8.20%,37.10%,41.90%,15.80%,4.40%,37.90%,
90717,16300,10.60%,6.70%,12.20%,8.20%,29.90%,61.60%,16.70%,4.10%,17.60%,
90720,20200,7.20%,6.40%,6.40%,2.70%,20.00%,75.50%,12.30%,2.40%,9.80%,
90723,39800,12.00%,4.30%,18.00%,18.20%,39.20%,55.90%,3.10%,9.40%,31.60%,
90731,46600,10.30%,5.90%,17.10%,11.50%,32.70%,61.70%,5.50%,8.00%,24.90%,
90732,20300,9.90%,8.00%,5.30%,4.80%,27.90%,72.40%,10.70%,3.30%,13.60%,
90740,19900,8.30%,9.80%,8.30%,1.00%,17.00%,83.30%,9.10%,1.10%,5.90%,
90742,1200,6.30%,6.60%,5.20%,1.60%,14.00%,89.10%,5.20%,0.00%,5.70%,
90743,1200,6.30%,6.30%,21.60%,1.60%,14.00%,79.00%,0.00%,1.50%,19.50%,
90744,38800,12.30%,4.80%,20.80%,20.30%,40.60%,58.50%,2.90%,2.00%,36.20%,
90745,42200,12.50%,6.00%,10.30%,11.20%,31.20%,32.10%,37.90%,6.80%,23.10%,
90746,21700,12.90%,6.10%,7.80%,7.80%,35.60%,16.50%,8.80%,58.60%,16.00%,
90747,2700,9.70%,4.50%,0.00%,5.80%,29.20%,0.00%,0.00%,0.00%,0.00%,
90755,9000,9.70%,5.60%,10.30%,3.50%,27.40%,60.00%,22.20%,10.60%,7.30%,
90802,35000,7.40%,5.20%,22.00%,7.10%,29.50%,59.70%,9.40%,16.90%,13.90%,
90803,30600,6.00%,7.00%,8.60%,2.20%,19.60%,83.10%,6.50%,3.90%,6.40%,
90804,30300,8.10%,4.80%,22.30%,10.80%,30.80%,63.80%,12.80%,12.40%,11.00%,
90805,69200,11.10%,5.00%,19.60%,14.40%,37.20%,32.80%,12.20%,20.20%,34.80%,
90806,31700,10.90%,5.10%,22.00%,12.60%,32.20%,42.10%,20.40%,16.90%,20.60%,
90807,26700,9.60%,6.50%,6.90%,4.80%,28.20%,49.10%,17.20%,15.70%,18.10%,
90808,31500,6.70%,6.80%,5.10%,1.70%,24.80%,75.70%,9.60%,5.20%,9.50%,
90810,31000,11.80%,5.60%,15.80%,13.30%,34.80%,37.30%,25.80%,12.60%,24.30%,
90813,41600,10.00%,4.70%,28.60%,18.20%,35.90%,48.00%,16.90%,12.00%,23.10%,
90814,15600,6.10%,5.70%,14.30%,6.10%,24.50%,73.20%,8.30%,8.60%,9.90%,
90815,34000,6.30%,6.30%,12.50%,2.50%,23.00%,73.50%,13.10%,4.70%,8.60%,
90831,2900,7.30%,4.40%,0.00%,2.50%,19.90%,0.00%,0.00%,0.00%,0.00%,
91001,27900,8.00%,6.00%,10.60%,4.20%,24.40%,51.10%,6.80%,27.10%,15.00%,
91006,24500,9.70%,6.40%,8.20%,3.40%,18.70%,33.30%,55.90%,0.80%,10.00%,
91007,25500,10.40%,6.60%,10.40%,3.50%,18.70%,30.80%,59.50%,2.00%,7.70%,
91008,1100,8.40%,8.80%,9.40%,1.70%,16.70%,66.00%,24.50%,2.50%,6.90%,
91010,20000,10.60%,5.90%,13.30%,7.60%,28.20%,56.00%,18.50%,8.20%,17.30%,
91011,15200,4.80%,7.20%,3.10%,0.50%,14.40%,68.10%,27.70%,"0,3%",3.90%,
91016,32900,8.40%,5.80%,8.60%,5.60%,25.10%,67.10%,14.30%,7.10%,11.40%,
91020,5200,8.30%,6.90%,10.10%,4.00%,22.60%,67.60%,21.60%,2.30%,8.60%,
91024,9000,5.20%,6.80%,5.80%,0.90%,14.00%,81.70%,11.20%,1.50%,5.60%,
91030,205000,7.10%,6.10%,9.50%,2.90%,19.50%,56.50%,29.90%,3.20%,10.40%,
91040,17900,8.40%,7.40%,13.10%,4.50%,25.40%,82.60%,8.00%,2.20%,7.20%,
91042,22400,8.70%,7.50%,13.10%,5.30%,26.10%,75.20%,1.17%,1.90%,15.20%,
91046,1400,9.70%,10.00%,10.40%,3.40%,24.70%,76.80%,23.20%,0.00%,0.00%,
91101,17200,6.80%,4.70%,21.10%,3.10%,16.70%,57.60%,22.60%,8.20%,11.60%,
91103,22000,9.20%,5.60%,16.00%,8.00%,26.50%,44.20%,7.60%,20.70%,27.40%,
91104,29300,8.20%,6.20%,15.60%,5.20%,25.20%,62.90%,10.40%,11.00%,15.70%,
91105,10800,6.20%,7.00%,8.50%,1.00%,14.50%,69.50%,17.40%,6.10%,7.00%,
91106,19300,6.50%,5.10%,13.80%,3.30%,17.20%,57.10%,23.20%,6.70%,13.00%,
91107,25800,7.40%,6.30%,9.60%,3.20%,20.70%,57.70%,24.80%,6.20%,11.30%,
91108,9900,7.50%,6.70%,6.70%,1.30%,16.60%,39.70%,54.30%,1.10%,4.90%,
91201,18900,7.70%,7.70%,13.40%,4.00%,26.40%,76.60%,10.20%,1.30%,11.90%,
91202,17400,6.60%,7.90%,13.00%,3.40%,21.00%,76.80%,13.40%,1.60%,8.10%,
91203,12300,7.80%,7.60%,12.80%,4.70%,26.20%,70.50%,19.30%,1.00%,9.20%,
91204,14300,8.40%,7.10%,19.40%,5.90%,29.30%,63.80%,18.20%,3.00%,15.00%,
91205,31100,7.60%,7.50%,20.30%,5.10%,26.40%,73.20%,14.20%,2.30%,10.30%,
91206,28400,6.90%,7.90%,14.90%,3.50%,24.20%,73.50%,17.40%,1.00%,8.00%,
91207,10300,7.40%,8.60%,8.20%,2.10%,22.40%,84.10%,8.70%,10.00%,7.20%,
91208,13800,7.40%,8.10%,7.00%,2.50%,22.70%,77.00%,17.60%,0.50%,4.90%,
91210,2100,6.00%,6.80%,20.90%,4.50%,26.30%,74.70%,23.80%,1.50%,0.00%,
91214,25500,7.60%,7.20%,4.70%,2.70%,21.60%,65.00%,28.40%,0.30%,6.20%,
91301,23600,4.90%,6.70%,4.70%,1.80%,17.70%,87.20%,6.50%,2.50%,3.80%,
91302,21000,4.60%,6.80%,8.80%,0.90%,17.70%,83.30%,10.80%,1.20%,4.80%,
91303,22700,8.50%,5.30%,18.90%,10.40%,30.00%,60.10%,11.90%,5.10%,23.00%,
91304,38300,8.30%,6.40%,13.40%,6.60%,26.90%,53.40%,15.30%,4.20%,27.10%,
91306,33400,10.10%,6.30%,12.70%,8.90%,30.30%,45.70%,17.80%,3.60%,32.90%,
91307,18500,6.60%,7.50%,6.20%,1.70%,22.50%,73.20%,15.20%,2.90%,8.70%,
91311,31800,8.10%,7.00%,7.80%,3.70%,24.30%,65.40%,18.10%,4.30%,12.20%,
91316,21300,6.70%,8.20%,13.50%,3.00%,23.10%,82.70%,8.50%,3.10%,5.70%,
91321,26700,8.80%,6.60%,12.30%,8.90%,27.90%,74.30%,8.60%,3.10%,14.10%,
91324,24100,8.10%,6.30%,16.00%,6.10%,24.60%,57.10%,16.40%,7.80%,18.70%,
91325,24100,7.90%,6.50%,17.30%,5.30%,25.50%,58.60%,16.30%,8.50%,16.60%,
91326,28000,7.00%,7.20%,6.50%,"1,8%",20.80%,57.20%,31.80%,3.20%,7.90%,
91331,74700,11.10%,5.00%,17.40%,14.80%,37.30%,58.40%,6.30%,3.90%,31.50%,
91335,59000,10.20%,6.50%,17.80%,9.00%,30.00%,68.20%,12.40%,4.20%,15.10%,
91340,27800,11.40%,5.10%,15.50%,14.60%,38.20%,60.00%,0.90%,2.90%,36.10%,
91342,67000,10.90%,5.40%,13.40%,11.00%,34.70%,71.50%,6.50%,4.10%,17.90%,
91343,46400,9.80%,5.80%,18.30%,10.80%,31.40%,48.80%,14.80%,4.00%,32.40%,
91344,42200,8.50%,6.90%,7.40%,4.10%,25.30%,61.80%,16.20%,3.60%,18.40%,
91345,14100,11.50%,6.30%,10.60%,10.00%,34.70%,56.80%,11.40%,2.10%,29.60%,
91350,23800,6.20%,6.50%,5.50%,2.30%,24.10%,76.80%,9.50%,3.70%,10.00%,
91351,27100,8.70%,5.90%,11.50%,7.40%,30.00%,72.80%,9.40%,3.30%,14.50%,
91352,39300,10.60%,5.70%,16.50%,12.20%,34.00%,75.40%,6.90%,1.80%,15.80%,
91354,18500,5.70%,6.50%,4.80%,1.70%,21.80%,69.90%,17.80%,6.70%,5.60%,
91355,34600,6.40%,6.50%,7.30%,3.00%,21.20%,75.60%,12.90%,2.50%,9.10%,
91356,24300,5.80%,7.70%,10.70%,40.00%,19.90%,78.50%,6.80%,3.10%,11.60%,
91361,12600,5.40%,7.90%,5.80%,0.80%,16.80%,86.50%,6.40%,1.00%,6.10%,
91362,20400,5.50%,6.30%,5.30%,2.10%,17.80%,85.00%,9.40%,1.20%,4.40%,
91364,20900,6.00%,7.90%,7.00%,1.70%,20.10%,80.10%,6.90%,5.30%,7.70%,
91367,33500,6.30%,7.20%,9.90%,2.20%,20.50%,74.00%,14.00%,4.20%,7.70%,
91371,3600,4.60%,4.90%,0.00%,2.00%,18.40%,0.00%,0.00%,0.00%,0.00%,
91381,16800,5.80%,5.40%,6.40%,1.90%,20.70%,70.00%,20.60%,3.60%,5.80%,
91384,23600,5.10%,4.40%,5.30%,4.50%,27.20%,66.50%,7.00%,6.90%,19.60%,
91387,31200,7.70%,5.60%,7.20%,6.30%,27.30%,65.50%,12.60%,6.90%,15.10%,
91390,20600,5.80%,5.90%,5.30%,2.30%,24.60%,79.90%,8.10%,1.80%,10.20%,
91401,51500,8.20%,6.80%,19.00%,7.10%,28.60%,61.00%,6.30%,5.40%,27.30%,
91402,51500,10.30%,5.30%,22.90%,13.60%,34.00%,45.60%,18.70%,3.00%,32.60%,
91403,16900,5.10%,6.60%,7.50%,1.80%,16.10%,82.10%,7.50%,6.10%,4.30%,
91405,36900,9.70%,6.00%,20.60%,10.90%,32.10%,43.90%,8.70%,4.20%,43.20%,
91406,44000,9.10%,5.90%,17.80%,9.90%,30.70%,48.20%,9.00%,5.20%,37.50%,
91411,20600,8.30%,6.10%,18.00%,8.30%,29.10%,72.10%,7.90%,5.50%,14.50%,
91423,25400,5.20%,6.90%,8.10%,2.00%,18.10%,82.50%,6.80%,5.10%,5.50%,
91436,15200,4.90%,8.30%,4.40%,0.40%,13.50%,87.80%,9.40%,1.20%,1.60%,
91501,18800,6.50%,7.10%,14.20%,3.80%,24.10%,76.40%,10.20%,2.90%,10.40%,
91502,9900,7.90%,7.20%,19.10%,5.80%,26.50%,69.90%,10.00%,3.50%,16.60%,
91504,20900,6.80%,6.80%,8.60%,3.90%,24.50%,68.30%,16.70%,2.40%,12.60%,
91505,24800,7.50%,6.50%,10.80%,2.90%,22.00%,72.80%,10.60%,3.30%,13.30%,
91506,15800,8.50%,7.20%,9.20%,3.90%,25.20%,76.70%,10.10%,1.00%,12.20%,
91601,32000,6.10%,5.30%,20.20%,5.90%,25.10%,67.20%,8.20%,8.20%,16.40%,
91602,16300,4.90%,6.00%,10.90%,2.20%,19.20%,76.10%,8.00%,7.40%,8.60%,
91604,24800,4.90%,6.90%,6.40%,1.10%,14.70%,81.80%,7.90%,3.80%,5.50%,
91605,41300,9.60%,5.80%,19.90%,10.50%,31.90%,61.00%,8.50%,3.90%,26.60%,
91606,33900,9.20%,6.30%,18.50%,9.00%,30.40%,63.30%,6.20%,5.30%,25.20%,
91607,24800,5.90%,6.90%,11.60%,4.00%,21.40%,79.50%,6.40%,6.80%,7.40%,
91702,42500,10.20%,4.60%,12.00%,10.00%,32.00%,45.90%,10.40%,2.80%,41.00%,
91706,54800,11.20%,4.70%,13.00%,11.70%,33.10%,35.10%,19.40%,2.00%,43.50%,
91709,38500,9.50%,6.50%,6.50%,4.10%,24.50%,49.40%,32.80%,4.50%,13.30%,
91710,55800,11.10%,6.40%,8.40%,8.50%,31.50%,54.10%,11.20%,5.90%,28.70%,
91711,30600,6.20%,6.10%,7.70%,2.40%,17.70%,69.20%,15.70%,4.60%,10.40%,
91722,26000,10.30%,5.40%,7.60%,8.60%,31.70%,49.40%,11.80%,2.60%,36.20%,
91723,11600,9.40%,5.10%,9.90%,8.20%,29.40%,49.90%,11.20%,5.40%,33.50%,
91724,21900,9.60%,5.90%,8.80%,6.20%,27.70%,56.80%,14.30%,3.80%,25.10%,
91731,23400,10.90%,5.50%,20.00%,11.00%,28.10%,45.00%,33.20%,0.40%,21.40%,
91732,44000,10.50%,5.00%,18.50%,11.50%,29.60%,49.60%,33.10%,0.60%,16.70%,
91733,29900,10.80%,4.70%,18.60%,13.60%,32.50%,56.00%,23.80%,0.20%,19.90%,
91740,20600,8.70%,6.10%,9.80%,5.00%,25.80%,69.10%,10.10%,3.30%,17.50%,
91741,23900,6.30%,5.80%,7.70%,2.40%,19.90%,79.70%,10.50%,1.50%,8.30%,
91744,63300,11.50%,4.80%,12.40%,11.60%,34.00%,42.60%,11.70%,1.60%,44.10%,
91745,39200,11.10%,5.60%,8.20%,6.10%,25.00%,39.90%,42.50%,1.20%,16.40%,
91746,21300,12.10%,4.80%,11.90%,11.50%,35.40%,43.10%,11.70%,1.10%,44.10%,
91748,36200,10.90%,5.70%,11.30%,6.10%,20.10%,24.60%,60.90%,0.80%,13.70%,
91750,27200,7.50%,6.30%,7.40%,3.70%,22.90%,77.50%,7.90%,3.60%,10.90%,
91754,24900,12.00%,6.50%,13.80%,5.90%,21.10%,16.10%,63.20%,50.00%,20.20%,
91755,22100,11.80%,6.50%,16.90%,5.80%,19.60%,14.00%,72.50%,50.00%,13.00%,
91759,<500,n/a,n/,2.50%,n/a,n/a,96.40%,1.10%,1.10%,1.40%,
91765,36400,10.00%,5.60%,5.70%,3.60%,20.00%,29.80%,53.00%,4.70%,12.50%,
91766,51600,9.70%,4.60%,18.10%,12.10%,31.10%,59.40%,13.00%,5.50%,22.00%,
91767,34300,9.60%,4.80%,17.20%,10.50%,32.10%,62.70%,8.90%,9.20%,19.20%,
91768,25800,8.90%,4.30%,18.30%,10.80%,29.70%,47.60%,8.20%,7.80%,36.50%,
91770,47600,11.30%,5.90%,16.80%,7.40%,22.40%,19.40%,61.80%,30.00%,18.50%,
91773,28100,8.40%,6.30%,8.10%,3.90%,23.90%,67.30%,14.40%,3.30%,15.10%,
91775,19000,9.40%,6.30%,8.00%,3.80%,20.20%,34.70%,50.80%,1.10%,13.40%,
91776,29300,10.70%,5.80%,14.40%,6.20%,20.70%,17.60%,65.70%,80.00%,15.90%,
91780,27100,10.70%,6.50%,10.70%,4.80%,20.40%,26.20%,57.20%,1.00%,15.70%,
91789,31700,10.40%,5.60%,7.00%,3.60%,18.70%,26.50%,60.80%,2.50%,10.20%,
91790,33900,10.70%,5.40%,8.10%,8.40%,30.90%,38.80%,22.60%,3.30%,35.40%,
91791,24700,10.70%,5.70%,7.80%,6.60%,26.80%,44.20%,27.70%,5.20%,22.90%,
91792,22100,10.60%,5.20%,12.00%,7.20%,23.90%,25.10%,44.80%,6.50%,23.60%,
91801,41600,9.90%,5.70%,16.20%,6.10%,21.20%,22.30%,53.50%,2.20%,22.00%,
91803,23200,11.50%,5.90%,12.20%,6.70%,22.60%,25.20%,52.20%,90.00%,21.80%,
92397,2400,8.40%,8.40%,12.00%,3.00%,24.80%,97.00%,50.00%,0.00%,2.50%,
92602,23600,9.80%,5.10%,5.30%,5.10%,20.50%,38.83%,48.30%,3.00%,9.90%,
92603,19200,6.60%,5.20%,5.10%,2.40%,16.00%,61.30%,35.50%,0.10%,3.10%,
92604,21000,7.90%,6.40%,9.10%,1.70%,18.60%,59.30%,31.80%,1.60%,7.40%,
92606,21800,8.80%,5.10%,12.80%,4.90%,20.20%,47.40%,42.10%,3.50%,6.00%,
92610,18900,6.40%,4.00%,2.70%,3.20%,19.30%,67.80%,25.80%,1.80%,4.60%,
92612,18600,7.50%,5.80%,27.00%,2.90%,16.00%,55.30%,36.50%,2.20%,6.00%,
92614,21200,7.50%,5.30%,12.90%,4.00%,20.00%,58.60%,35.00%,1.30%,5.00%,
92618,24700,7.90%,5.40%,10.90%,4.20%,19.50%,52.50%,40.60%,1.80%,5.20%,
92620,27600,8.80%,5.80%,7.00%,4.10%,19.90%,41.00%,51.10%,2.50%,5.30%,
92624,4800,8.30%,7.50%,6.60%,2.80%,23.00%,87.40%,2.50%,2.10%,7.90%,
92625,11000,5.40%,8.00%,7.00%,0.50%,12.50%,89.40%,5.20%,0.70%,4.70%,
92626,42700,7.20%,5.50%,9.40%,5.40%,23.00%,73.00%,15.60%,3.30%,8.20%,
92627,48400,8.20%,5.20%,15.70%,8.20%,26.30%,67.90%,4.60%,0.50%,26.90%,
92629,22100,7.10%,7.20%,7.40%,3.00%,21.00%,84.90%,3.50%,0.60%,11.00%,
92630,44800,8.90%,5.90%,8.60%,5.40%,24.80%,69.30%,14.10%,2.40%,14.20%,
92637,13500,12.90%,15.00%,10.80%,70.00%,17.30%,82.00%,16.10%,60.00%,1.20%,
92646,47400,6.60%,6.80%,5.20%,1.60%,19.50%,79.50%,11.50%,1.00%,7.90%,
92647,48700,8.50%,6.10%,12.90%,5.90%,23.90%,71.00%,13.20%,1.60%,14.10%,
92648,38700,6.90%,6.40%,8.20%,3.10%,19.70%,80.30%,10.20%,1.30%,8.30%,
92649,26800,6.90%,7.00%,6.40%,2.00%,19.20%,79.30%,12.80%,0.80%,7.10%,
92653,24000,7.70%,6.40%,7.10%,3.60%,20.90%,71.70%,15.30%,1.10%,11.80%,
92656,38900,6.00%,5.10%,3.70%,2.30%,19.40%,70.70%,16.90%,2.90%,9.50%,
92657,9600,5.10%,5.80%,2.50%,0.60%,13.20%,76.80%,17.90%,0.00%,5.30%,
92675,31000,8.20%,6.40%,12.20%,6.30%,23.40%,73.30%,3.50%,0.20%,23.00%,
92688,35500,6.70%,5.10%,4.70%,3.40%,21.60%,77.10%,14.00%,1.80%,10.00%,
92692,40300,6.50%,6.70%,4.10%,1.80%,18.40%,80.40%,11.00%,1.70%,7.00%,
92704,67800,12.00%,4.70%,14.90%,15.10%,33.50%,47.90%,19.10%,1.10%,31.90%,
92780,42800,9.60%,5.10%,11.50%,9.20%,28.00%,49.10%,16.70%,2.50%,31.70%,
92821,26700,8.70%,5.50%,7.20%,4.10%,22.40%,72.90%,17.90%,1.60%,7.60%,
92823,4000,8.10%,5.20%,8.50%,2.30%,19.70%,50.30%,41.40%,2.40%,5.90%,
92865,150900,10.20%,5.40%,9.20%,6.60%,26.50%,73.10%,13.30%,1.60%,12.10%,
92886,38700,7.20%,6.10%,3.80%,1.80%,19.60%,76.40%,17.30%,0.90%,5.50%,
93243,1300,10.30%,7.20%,10.80%,5.20%,31.40%,78.80%,9.60%,0.00%,11.60%,
93510,6100,8.00%,6.50%,8.00%,4.30%,30.00%,82.20%,1.40%,2.60%,13.80%,
93523,1300,4.80%,4.10%,12.40%,6.50%,25.50%,84.20%,2.00%,7.00%,6.80%,
93532,2000,8.00%,6.20%,18.20%,5.70%,30.20%,92.90%,1.90%,40.00%,4.80%,
93534,26700,10.90%,6.90%,26.00%,11.30%,38.90%,62.10%,4.60%,23.20%,10.10%,
93535,49800,11.40%,5.90%,25.90%,13.00%,40.50%,65.40%,3.30%,20.50%,10.70%,
93536,52400,9.80%,6.10%,12.20%,6.70%,33.30%,70.40%,5.10%,14.30%,10.20%,
93543,9900,12.00%,4.90%,16.60%,15.90%,42.40%,50.20%,1.60%,10.10%,38.10%,
93544,800,n/a,n/a,1.10%,n/a,n/a,87.50%,0.00%,2.20%,10.40%,
93550,46500,12.20%,5.60%,26.40%,17.80%,40.60%,41.20%,2.90%,12.70%,43.20%,
93551,42400,9.50%,6.30%,7.00%,6.20%,32.80%,62.10%,8.40%,10.00%,19.50%,
93552,23800,13.50%,5.60%,12.70%,15.20%,41.20%,42.00%,4.30%,13.20%,40.60%,
93553,5400,10.40%,6.40%,8.40%,10.20%,37.70%,76.70%,0.00%,3.60%,19.70%,
93560,14500,10.70%,6.40%,12.30%,9.70%,37.10%,68.40%,4.30%,10.70%,16.70%,
93563,<500,n/a,n/a,9.80%,n/a,n/a,72.60%,0.00%,10.30%,17.10%,
93591,4900,11.40%,5.30%,26.80%,13.20%,40.60%,49.80%,1.20%,10.70%,38.20%,
California,29390200,9.70%,6.40%,13.70%,7.00%,28.00%,62.60%,14.70%,5.90%,16.70%,
Los Angeles County,7708000,9.50%,5.60%,15.30%,8.40%,28.90%,53.60%,15.50%,85.00%,22.50%,
Orange County,2436700,8.90%,5.70%,11.00%,6.60%,23.90%,64.40%,20.10%,1.70%,13.80%,